MasterFile,NumberKilled,CollisionDate,CollisionTime,ParkingLotIndicator,IntersectionWith_Indicator_,NumberInjured,ofUnits,ofMotorVehicleUnits,SpeedLimitNumber,LatitudeDecimalNumber,LongitudeDecimalNumber,MannerofCollisionCode,TotalLanes,RoadwayCharacterCode,RoadwaySurfaceCode,RoadwayConditionCode,WeatherCode,LightConditionCode,RT_UNIQUE,LaneDepart
71768481,4,20160423,1203,0,0,1,2,2,55,37.498539,-86.38797,3,2,5,1,1,3,2,043-KY-0054  -,0
71813733,3,20160721,410,0,1,1,1,1,55,37.706181,-84.759758,9,2,4,1,1,4,6,011-KY-0033  -,1
71917687,2,20161217,1030,0,0,0,2,2,55,37.652149,-83.474808,1,2,3,1,5,3,2,119-KY-0015  -,0
71765522,2,20160425,1041,0,0,1,2,2,70,37.016041,-86.519432,5,4,4,1,1,2,2,114-WN-9007  -,1
71760010,2,20160408,1407,0,0,2,2,2,55,37.763199,-85.350708,3,2,6,1,1,2,2,090-US-0150  -,1
71823466,2,20160806,1529,0,0,1,2,2,55,38.037102,-83.230728,3,2,6,1,5,6,2,088-KY-0007  -,1
71786152,2,20160611,1510,0,0,2,2,2,55,36.65472,-84.436478,1,2,6,1,1,2,2,074-US-0027  -,0
71863753,2,20161002,1147,0,0,0,1,1,55,37.032742,-88.812729,9,2,4,1,1,2,2,073-KY-0726  -,1
71722358,2,20160116,27,0,0,0,1,1,45,37.11393,-88.383888,9,2,3,1,5,2,4,070-KY-0453  -,1
71752501,2,20160321,610,0,0,1,2,2,55,37.468601,-85.600952,3,2,1,1,1,3,6,062-KY-0210  -,0
71790909,2,20160621,2138,0,0,1,4,1,45,38.207951,-85.58345,9,4,3,1,1,2,3,056-KY-0155  -,0
71907155,2,20161128,1355,0,1,1,2,2,35,38.222252,-85.658417,1,4,6,1,5,6,2,056-KY-0155  -,1
71836048,2,20160829,1015,0,1,2,2,2,45,37.814812,-87.560112,1,2,6,1,1,2,2,051-KY-0812  -,1
71736870,2,20160213,1850,0,0,2,2,2,35,37.374649,-85.902748,7,2,6,1,1,2,5,050-US-0031 W-,1
71788145,2,20160604,730,0,0,3,2,2,45,37.520069,-85.880058,1,2,6,1,1,3,2,047-US-0031 W-,0
71730001,2,20160204,337,0,0,0,1,1,55,36.561859,-88.519821,9,2,1,1,1,2,6,042-KY-0097  -,1
71728484,2,20160120,1238,0,0,1,2,2,55,37.73616,-87.003838,1,2,6,1,5,3,2,030-KY-0054  -,0
71767734,2,20160423,1600,0,0,2,2,2,55,37.162708,-83.567101,3,2,4,1,1,2,2,026-HR-9006  -,0
71786627,2,20160607,2209,0,1,4,4,4,55,37.986549,-84.20639,5,4,6,1,1,2,5,025-KY-1958  -,0
71772302,2,20160511,158,0,0,1,1,1,70,38.585751,-85.175591,9,4,1,1,5,6,6,021- I-0071  -,1
71806209,2,20160705,1905,0,0,1,2,2,55,37.831711,-86.32592,3,3,4,1,1,2,2,014-US-0060  -,0
71815501,2,20160724,2039,0,0,0,1,1,55,38.231449,-84.388123,9,2,3,1,1,2,2,009-KY-0353  -,1
71758029,2,20160324,1435,0,0,3,3,3,55,36.73888,-83.603241,7,3,1,1,1,2,2,007-US-0119  -,1
71744716,2,20160229,2031,0,0,0,1,1,55,36.72694,-86.153427,9,2,2,1,1,2,6,002-KY-0100  -,1
71965031,2,20160715,1423,0,0,1,1,1,55,37.200352,-85.142708,9,2,6,1,1,2,2,001-KY-0076  -,1
71743409,2,20160303,1847,0,0,1,2,2,45,38.993408,-84.411583,3,4,1,1,5,3,6,001-KY-0055  -,0
71806518,2,20160708,1520,0,0,3,3,3,45,37.44009,-86.891769,7,5,6,1,1,2,2,001-KY-0055  -,0
71835548,2,20160730,322,0,0,1,2,2,55,38.32616,-83.77755,3,2,6,1,1,2,6,001-KY-0055  -,0
71874902,2,20161022,2215,0,0,2,1,1,35,39.12772,-84.736183,9,2,1,1,1,3,7,001-KY-0055  -,1
71828967,1,20160817,1605,0,0,0,1,1,55,38.02005,-84.765961,9,2,1,1,5,6,2,120-KY-1964  -,1
71717845,1,20160108,1619,0,0,0,1,1,55,38.184078,-84.737671,9,2,3,1,5,3,2,120-KY-1685  -,1
71922335,1,20161214,452,0,0,0,2,2,65,37.744308,-83.517418,5,2,6,1,1,2,4,119-KY-9009  -,1
71743635,1,20160306,2128,0,0,1,1,1,55,37.751621,-83.619179,9,2,3,1,1,2,6,119-KY-0715  -,1
71744589,1,20160305,328,0,0,1,1,1,55,37.744579,-83.630829,9,2,1,1,1,4,6,119-KY-0715  -,1
71731515,1,20160111,1700,0,0,0,1,1,55,36.658428,-84.13385,9,2,6,1,1,3,2,118-US-0025 W-,1
71792920,1,20160421,1122,0,0,2,2,2,55,36.90683,-84.158638,3,2,4,1,1,2,2,118-US-0025 W-,0
71817564,1,20160725,1805,0,0,1,3,1,55,36.792519,-84.225143,9,2,3,1,1,2,2,118-KY-0895  -,0
71836999,1,20160731,1525,0,1,6,2,2,55,36.817631,-84.19989,7,2,6,1,1,2,2,118-KY-0204  -,1
71730780,1,20160121,1131,0,0,2,2,2,55,36.732151,-84.117691,3,2,3,1,5,2,2,118-KY-0092  -,0
71841140,1,20160728,1130,0,0,0,1,1,55,36.74165,-84.007202,9,2,4,1,5,6,2,118-KY-0092  -,1
71827480,1,20160801,710,0,0,0,1,1,70,36.933361,-84.125809,9,2,6,1,1,2,1,118- I-0075  -,1
71824469,1,20160225,1647,0,0,3,2,2,35,37.637859,-87.644707,4,2,4,1,5,6,2,117-US-0041 A-,0
71875899,1,20161014,1601,0,0,1,1,1,55,37.43578,-87.678513,9,2,1,1,5,3,2,117-KY-0120  -,1
71787746,1,20160503,1426,0,0,0,1,1,35,36.845371,-84.899986,9,1,3,1,1,2,2,116-KY-3284  -,1
71865313,1,20160810,2117,0,0,0,1,1,55,36.92992,-84.82814,9,2,6,1,1,2,6,116-KY-2393  -,1
71910238,1,20160818,1836,0,0,0,1,1,55,36.796371,-84.898689,9,2,1,1,5,3,2,116-KY-0200  -,1
71794241,1,20160627,1307,0,0,2,2,2,55,36.777962,-84.805771,3,2,1,1,5,6,2,116-KY-0092  -,0
71804427,1,20160701,926,0,0,0,1,1,45,36.749111,-84.708138,9,2,1,1,1,2,2,116-KY-0092  -,1
71895565,1,20161015,1320,0,0,0,1,1,55,36.753189,-84.729393,9,2,3,1,1,2,2,116-KY-0092  -,1
71910248,1,20161204,1015,0,0,0,1,1,55,36.871151,-84.9226,9,2,5,1,5,6,2,116-KY-0092  -,1
71810645,1,20160711,2034,0,1,1,2,2,55,37.866562,-85.159447,1,2,6,1,1,2,3,115-KY-0555  -,0
71784947,1,20160501,739,0,0,0,1,1,55,37.738178,-85.257568,9,2,6,1,1,2,6,115-KY-0055  -,1
71725144,1,20160118,1650,0,1,6,2,2,55,36.992008,-86.502602,1,4,6,1,1,2,5,114-US-0231  -,0
71762067,1,20160416,435,0,0,2,1,1,45,36.989632,-86.492157,9,3,4,1,1,2,6,114-US-0231  -,1
71739859,1,20160223,1308,0,0,1,2,2,55,36.94828,-86.51757,7,4,6,1,1,3,2,114-US-0068  -,1
71745914,1,20160308,1609,0,0,2,2,2,55,36.859348,-86.535492,3,2,6,1,1,3,2,114-US-0031 W-,1
71777235,1,20160522,1840,0,1,2,2,2,55,37.00671,-86.423332,1,2,6,1,1,2,2,114-US-0031 W-,0
71847571,1,20160913,1513,0,1,3,2,2,45,36.886959,-86.35762,1,4,4,1,1,2,2,114-KY-2629  -,0
71764514,1,20160422,1649,0,0,0,1,1,45,36.931091,-86.545967,9,2,3,1,1,2,2,114-KY-1083  -,1
71926208,1,20161231,1533,0,0,0,1,1,55,36.908741,-86.245209,9,2,3,1,5,6,2,114-KY-0234  -,1
71753150,1,20160330,1649,0,0,0,2,1,35,37.003601,-86.443161,9,4,6,1,1,3,2,114-KY-0185  -,0
71906841,1,20161206,1627,0,0,1,2,2,55,37.130981,-86.422699,3,2,1,1,5,2,3,114-KY-0185  -,0
71788265,1,20160609,1546,0,0,0,1,1,55,37.63311,-87.941391,9,2,6,1,1,2,2,113-US-0060  -,1
71903000,1,20161118,1832,0,0,2,2,2,55,37.69865,-87.8489,1,3,6,1,5,6,6,113-US-0060  -,0
71732674,1,20160203,1945,0,0,0,2,1,55,37.67688,-87.890427,9,2,4,1,1,2,6,113-KY-2091  -,0
71785405,1,20160605,211,0,0,2,1,1,55,37.635502,-87.961502,9,2,4,1,1,2,6,113-KY-0492  -,1
71847092,1,20160912,729,0,0,0,1,1,55,37.77343,-87.892899,9,2,6,1,1,4,2,113-KY-0360  -,1
71793220,1,20160623,540,0,0,0,1,1,55,37.62545,-87.822357,9,2,1,1,1,2,2,113-KY-0056  -,1
71731818,1,20160204,2358,0,0,0,2,1,55,38.689129,-85.348396,9,2,3,1,1,2,6,112-US-0421  -,0
71801148,1,20160709,1150,0,0,1,2,2,55,36.647732,-87.199944,1,2,4,1,1,2,2,110-US-0041  -,0
71873809,1,20161003,1222,0,0,0,2,2,55,36.740372,-87.291069,5,2,4,1,1,2,2,110-US-0041  -,1
71763306,1,20160420,1401,0,1,3,2,2,35,36.928452,-87.21701,1,2,4,1,1,2,2,110-KY-0171  -,1
71769604,1,20160505,1432,0,0,0,1,1,55,36.838989,-87.142288,9,2,2,1,1,3,2,110-KY-0106  -,1
71778892,1,20160525,1746,0,0,0,3,3,55,37.327808,-85.389679,1,2,4,1,1,3,2,109-US-0068  -,0
71774126,1,20160510,1140,0,0,0,1,1,55,37.336029,-85.214233,9,2,6,1,1,2,2,109-KY-1798  -,1
71743769,1,20160228,1517,0,0,3,2,2,55,37.428452,-85.525459,5,2,6,1,1,2,2,109-KY-0210  -,1
71812147,1,20160721,1242,0,0,0,2,2,55,37.464611,-85.571213,1,2,6,1,1,2,2,109-KY-0210  -,0
71787662,1,20160611,850,0,0,0,2,2,35,37.33897,-85.341682,1,2,1,1,1,2,2,109-KY-0070  -,0
71732834,1,20160209,2204,0,0,0,2,1,45,36.669022,-86.557892,9,5,6,1,1,3,6,107-US-0031 W-,0
71823145,1,20160622,1013,0,0,1,2,2,45,36.734531,-86.560753,3,2,5,1,1,2,2,107-KY-1171  -,0
71908041,1,20161027,840,0,0,1,2,2,55,36.76284,-86.608437,1,2,3,1,5,2,2,107-KY-0073  -,0
71750989,1,20160208,1145,0,0,1,1,1,70,36.638859,-86.571098,9,4,6,1,1,2,2,107- I-0065  -,1
71726394,1,20160117,420,0,0,0,1,1,55,38.169769,-85.035301,9,2,4,1,1,2,6,106-US-0060  -,1
71715737,1,20160104,1629,0,0,0,1,1,55,38.171398,-85.399651,9,2,1,1,1,2,2,106-KY-0148  -,1
71794235,1,20160609,1720,0,0,0,1,1,55,38.278702,-85.258339,9,2,4,1,1,2,2,106-KY-0053  -,1
71749982,1,20160318,1232,0,0,1,2,2,55,38.28336,-85.13842,3,2,1,1,1,2,2,106-KY-0043  -,0
71797831,1,20160624,1621,0,1,1,3,3,45,38.237499,-84.532349,1,8,6,1,1,2,2,105-US-0062  -,1
71856306,1,20160916,1146,0,0,2,3,3,55,38.29517,-84.563171,3,2,5,1,1,2,2,105-US-0025  -,1
71875021,1,20160928,330,0,0,2,1,1,55,38.244381,-84.722107,9,2,1,1,1,2,6,105-KY-1688  -,1
71886558,1,20160906,829,0,0,0,1,1,55,37.09127,-85.064583,9,2,6,1,1,2,6,104-US-0127  -,1
71903955,1,20161104,1417,0,0,0,1,1,55,36.925579,-85.103844,9,2,1,1,1,2,2,104-US-0127  -,1
71834550,1,20160804,1201,0,0,0,1,1,55,37.00753,-85.028908,9,2,3,1,1,2,2,104-KY-0619  -,1
71823440,1,20160802,1449,0,0,1,1,1,55,38.38702,-83.417999,9,2,1,1,1,2,2,103-KY-0377  -,1
71771397,1,20160501,17,0,1,2,2,2,55,38.179482,-83.461823,3,5,4,1,5,6,6,103-KY-0032  -,0
71867111,1,20161003,1345,0,0,0,2,2,55,38.18755,-83.360252,1,2,1,1,1,2,2,103-KY-0032  -,1
71798856,1,20160701,2148,0,0,0,2,1,45,37.085991,-84.616798,9,6,4,1,1,2,5,100-US-0027  -,0
71802233,1,20160704,1803,0,0,3,2,2,55,36.94738,-84.572601,1,4,1,1,5,6,2,100-US-0027  -,0
71813112,1,20160707,1205,0,0,1,2,2,55,36.938068,-84.541786,3,2,1,1,5,3,2,100-US-0027  -,0
71758339,1,20160404,1719,0,0,0,1,1,35,37.11005,-84.749962,9,2,1,1,1,2,2,100-KY-2993  -,1
71783736,1,20160531,931,0,0,0,1,1,55,37.095001,-84.803688,9,2,6,1,1,2,2,100-KY-0080  -,1
71791831,1,20160609,1643,0,0,1,2,2,45,37.12989,-84.58889,3,2,1,1,1,2,2,100-KY-0039  -,0
71894000,1,20161116,1509,0,0,1,1,1,45,37.150162,-84.573837,9,2,5,1,1,2,2,100-KY-0039  -,1
71871339,1,20160806,48,0,0,1,1,1,55,37.855991,-83.988327,9,2,1,1,1,2,6,099-KY-1028  -,1
71758245,1,20160401,2033,0,0,3,2,2,55,37.881481,-83.930672,3,2,6,1,1,2,6,099-KY-0011  -,0
71820321,1,20160712,1738,0,0,0,1,1,55,37.844509,-83.823433,9,2,1,1,1,2,2,099-KY-0011  -,1
71755462,1,20160327,2052,0,0,0,1,1,45,37.365231,-82.223488,9,2,6,1,1,2,6,098-US-0460  -,1
71875759,1,20161009,2300,0,0,0,1,1,55,37.373562,-82.277718,9,3,1,1,1,2,6,098-US-0460  -,1
71773699,1,20160416,1314,0,0,1,3,3,45,37.547321,-82.46138,5,2,3,1,1,2,2,098-US-0119  -,0
71783300,1,20160516,1450,0,0,0,1,1,55,37.329021,-82.558853,9,4,3,1,1,3,2,098-US-0023  -,1
71741856,1,20160224,2045,0,0,0,1,1,35,37.335041,-82.580627,9,2,3,1,5,9,6,098-KY-0610  -,1
71748153,1,20160312,1531,0,0,1,1,1,45,37.258862,-82.457733,9,2,6,1,1,3,2,098-KY-0197  -,1
71830816,1,20160808,1435,0,0,2,1,1,35,37.31776,-82.458992,9,2,3,1,5,2,2,098-KY-0195  -,1
71754897,1,20160315,2000,0,0,0,2,2,55,37.228458,-83.175751,7,4,3,1,1,2,4,097-KY-0015  -,1
71827186,1,20160723,1342,0,0,3,2,2,55,37.312771,-83.247078,1,2,2,1,1,2,2,097-KY-0015  -,0
71852746,1,20160917,2211,0,0,1,1,1,55,37.303532,-83.247459,9,3,4,1,5,6,6,097-KY-0015  -,1
71724446,1,20160124,58,0,0,0,1,1,55,38.781811,-84.371529,9,2,1,1,2,3,6,096-KY-0177  -,1
71737536,1,20160211,500,0,0,0,2,2,55,38.793331,-84.462212,1,2,3,1,2,2,1,096-KY-0017  -,1
71966453,1,20161029,1600,0,0,0,1,1,55,37.368999,-83.760483,9,2,5,1,1,2,2,095-KY-1350  -,1
71717973,1,20160102,2115,0,0,3,2,2,55,37.484161,-83.651878,3,2,1,1,1,1,4,095-KY-0030  -,1
71754880,1,20160329,2150,0,0,0,2,1,55,37.485119,-83.642921,9,2,6,1,1,2,6,095-KY-0030  -,0
71747802,1,20160314,2038,0,0,2,1,1,55,38.447361,-84.908897,9,2,3,1,5,2,6,094-KY-0355  -,1
71830215,1,20160814,1925,0,0,1,1,1,55,38.463329,-84.776718,9,2,6,1,5,2,2,094-KY-0227  -,1
71778152,1,20160525,741,0,0,0,1,1,55,38.360451,-85.589249,9,2,1,1,1,2,6,093-KY-0329  -,1
71728545,1,20160128,1443,0,1,0,2,1,35,38.408531,-85.379173,9,2,6,1,1,3,2,093-KY-0053  -,0
71784425,1,20160601,1210,0,0,0,2,2,70,37.549339,-86.934692,5,4,4,1,1,2,2,092-WN-9007  -,1
71936538,1,20161027,1454,0,1,1,2,2,35,37.416649,-86.878578,1,5,6,1,1,3,2,092-US-0231  -,0
71748217,1,20160318,1028,0,0,0,1,1,55,37.383308,-86.876457,9,2,4,1,1,2,2,092-KY-0369  -,0
71723413,1,20160121,1632,0,0,0,1,1,55,37.520569,-86.811249,9,2,4,1,1,3,2,092-KY-0069  -,1
71730577,1,20160204,1310,0,0,3,2,2,55,37.522678,-86.808144,5,2,6,1,1,2,2,092-KY-0069  -,1
71771577,1,20160426,1400,0,0,0,2,2,55,38.319939,-84.075439,8,2,4,1,1,2,2,091-KY-0036  -,1
71794817,1,20160616,1333,0,0,1,1,1,55,38.252781,-83.921288,9,2,1,1,1,2,2,091-KY-0036  -,1
71802427,1,20160712,958,0,1,0,1,1,55,37.763691,-85.352333,9,2,1,1,5,6,2,090-US-0150  -,1
71830123,1,20160821,259,0,0,0,1,1,55,37.785339,-85.402382,9,2,2,1,5,6,4,090-US-0150  -,1
71897264,1,20161121,1300,0,0,0,1,1,55,37.615799,-85.503769,9,2,1,1,1,2,2,090-KY-0457  -,1
71754935,1,20160402,1600,0,1,1,2,2,55,37.83902,-85.489311,5,4,6,1,1,7,2,090-KY-0245  -,1
71857483,1,20160925,100,0,0,0,1,1,55,37.64024,-85.489326,9,2,2,1,1,2,6,090-KY-0052  -,1
71807608,1,20160628,1323,0,0,0,2,2,55,37.25848,-87.204773,1,2,4,1,1,2,2,089-KY-0181  -,0
71824211,1,20160616,1422,0,0,0,1,1,55,37.20462,-86.947762,9,2,3,1,1,2,2,089-KY-0070  -,1
71871444,1,20161010,805,0,0,1,2,2,55,38.026749,-83.921188,3,2,6,1,1,2,2,087-US-0460  -,0
71723475,1,20160109,1700,0,0,0,1,1,55,37.99641,-83.941551,9,2,1,1,1,3,2,087-KY-0011  -,1
71796175,1,20160608,2249,0,0,0,1,1,55,36.759548,-85.793098,9,2,1,1,1,2,6,086-KY-0063  -,1
71827238,1,20160813,450,0,0,0,1,1,55,36.86919,-85.643692,9,2,1,1,1,2,6,085-KY-0090  -,1
71790697,1,20160616,1358,0,0,0,2,2,55,37.801689,-84.847588,5,4,4,1,1,2,2,084-US-0127  -,0
71789426,1,20160614,1700,0,1,0,2,2,55,37.88271,-86.196716,4,2,6,1,5,6,2,082-US-0060  -,0
71810686,1,20160720,1048,0,1,0,2,2,55,37.883011,-86.059212,5,2,5,1,1,2,2,082-US-0060  -,0
71852103,1,20160913,1943,0,0,0,1,1,55,37.862759,-86.017113,9,2,1,2,1,2,2,082-KY-1816  -,1
71780461,1,20160529,57,0,0,0,1,1,55,37.940849,-86.226158,9,2,1,1,1,2,6,082-KY-0144  -,1
71768104,1,20160502,1120,0,0,0,2,2,55,38.584179,-83.698357,5,3,4,1,1,2,2,081-KY-0009  -,0
71768836,1,20160418,1450,0,0,2,4,4,45,38.65527,-83.895897,7,2,3,1,1,2,2,081-KY-0009  -,0
71771440,1,20160411,1418,0,0,1,2,2,55,37.867962,-82.546204,1,2,6,1,1,2,2,080-KY-0040  -,0
71817899,1,20160728,1644,0,1,0,3,3,55,36.765228,-88.31073,1,4,4,2,1,2,2,079-US-0641  -,1
71895547,1,20161118,1430,0,0,1,2,2,45,36.916031,-88.339317,1,2,6,1,1,3,2,079-US-0641  -,1
71797682,1,20160705,1301,0,0,0,2,1,55,36.774261,-88.308594,9,2,1,1,5,3,2,079-KY-1824  -,1
71813720,1,20160724,359,0,0,0,1,1,55,37.54599,-85.30294,9,3,3,1,1,2,6,078-US-0068  -,1
71750057,1,20160309,1648,0,0,0,1,1,55,37.582142,-85.433563,9,2,1,1,1,3,2,078-KY-0527  -,1
71861066,1,20160919,1802,0,0,0,1,1,55,37.652161,-85.440521,9,2,1,1,1,2,2,078-KY-0527  -,1
71729562,1,20160104,1732,0,0,1,2,2,55,37.531479,-85.382721,3,2,4,1,1,2,3,078-KY-0412  -,0
71746748,1,20160222,1220,0,0,0,1,1,55,37.592209,-82.961029,9,2,3,1,5,3,2,077-KY-0542  -,1
71766275,1,20160412,233,0,0,0,1,1,45,37.650669,-84.241768,9,2,6,1,5,6,6,076-US-0421  -,1
71885531,1,20161019,1858,0,0,0,1,1,45,37.562752,-84.287399,9,2,6,1,1,2,6,076-KY-0595  -,1
71820797,1,20160731,1315,0,0,0,1,1,55,37.740059,-84.161278,9,2,1,1,1,2,2,076-KY-0052  -,1
71778848,1,20160513,648,0,0,0,2,2,70,37.823811,-84.323036,8,3,6,1,1,2,2,076- I-0075  -,0
71916838,1,20161217,1648,0,0,0,1,1,70,37.585381,-84.312843,9,6,6,1,1,3,2,076- I-0075  -,1
71778900,1,20160517,2214,0,0,0,2,1,55,36.69743,-84.457474,9,2,4,1,1,2,6,074-US-0027  -,0
71812154,1,20160719,119,0,0,0,2,2,45,36.783199,-84.48243,5,4,6,1,1,2,6,074-US-0027  -,1
71853509,1,20160902,2205,0,0,1,1,1,55,36.855621,-84.390549,9,2,6,1,1,2,6,074-KY-0090  -,1
71851343,1,20160918,1650,0,0,0,2,2,55,37.033001,-88.749184,7,2,6,1,1,2,2,073-US-0062  -,1
71878319,1,20161026,955,0,0,2,2,2,35,37.060711,-88.647308,1,2,6,1,1,2,2,073-US-0062  -,0
71782070,1,20160602,1233,0,1,0,3,3,25,37.088249,-88.59742,1,4,6,1,1,3,2,073-US-0045 X-,0
71838240,1,20160901,1624,0,0,0,2,2,45,37.040169,-88.644974,1,2,2,1,1,2,2,073-KY-3074  -,1
71747396,1,20160315,1843,0,0,0,2,1,35,37.056461,-88.626511,9,2,5,1,1,2,2,073-KY-1310  -,0
71822403,1,20160807,1845,0,0,0,1,1,55,37.078911,-88.746628,9,2,3,1,1,2,2,073-KY-0305  -,1
71869015,1,20161013,1154,0,0,0,2,1,55,37.073978,-88.756012,9,2,6,1,1,2,2,073-KY-0305  -,0
71759996,1,20160416,2107,0,0,5,2,2,55,36.963219,-88.51326,3,2,3,1,1,2,2,073-KY-0131  -,0
71750878,1,20160323,1411,0,0,0,2,2,55,37.104092,-88.004578,3,2,4,1,1,2,2,072-US-0062  -,0
71847277,1,20160907,2357,0,0,3,2,2,70,37.063591,-88.202408,3,4,4,1,1,2,6,072- I-0024  -,1
71810678,1,20160717,1311,0,0,2,2,2,55,36.98772,-86.857521,3,2,4,1,1,2,2,071-KY-3201  -,0
71787929,1,20160508,2127,0,0,0,1,1,55,37.46563,-84.682983,9,2,3,1,1,3,3,069-KY-0698  -,1
71776898,1,20160521,831,0,0,1,1,1,45,37.401379,-84.50779,9,2,4,1,5,3,2,069-KY-0039  -,1
71942816,1,20161001,1643,0,0,0,1,1,55,38.60239,-83.103729,9,2,3,1,1,2,2,068-KY-1021  -,1
71798589,1,20160324,1315,0,0,1,1,1,55,38.565281,-83.258362,9,2,6,1,1,3,2,068-KY-0009  -,1
71777510,1,20160407,1822,0,0,1,2,2,55,38.592739,-83.288918,3,2,1,1,5,6,2,068-KY-0008  -,1
71924673,1,20160918,1947,0,0,3,2,2,55,38.697819,-83.041122,3,2,6,1,1,3,3,068-KY-0008  -,1
71777579,1,20160311,441,0,0,1,1,1,55,37.07634,-82.839081,9,2,3,1,5,6,6,067-KY-0931  -,1
71886467,1,20161018,1246,0,0,0,1,1,55,37.194908,-82.88929,9,2,6,1,1,2,2,067-KY-0007  -,1
71897773,1,20161112,1500,0,0,0,1,1,55,37.092758,-83.262848,9,2,6,1,1,2,2,066-KY-0699  -,1
71748129,1,20160303,1931,0,0,1,1,1,55,37.171822,-83.457123,9,3,1,1,5,9,4,066-HR-9006  -,1
71842711,1,20160829,1723,0,0,0,1,1,55,37.554131,-83.56897,9,2,1,1,5,6,2,065-KY-0052  -,1
71850380,1,20160827,1456,0,0,0,1,1,55,38.023331,-82.873268,9,2,3,1,1,2,2,064-KY-0032  -,1
71821406,1,20160803,2113,0,0,0,2,1,55,36.993542,-84.080009,9,3,6,1,1,2,6,063-US-0025  -,0
71918292,1,20161215,703,0,0,0,1,1,35,37.07386,-83.925926,9,2,3,1,1,2,1,063-KY-1803  -,1
71931687,1,20161217,1407,0,0,1,1,1,35,37.225368,-84.103851,9,2,1,1,5,3,2,063-KY-0490  -,1
71818318,1,20160717,2151,0,1,1,1,1,55,37.148529,-84.013138,9,2,1,1,1,2,6,063-KY-0472  -,1
71896866,1,20160530,2127,0,0,0,2,2,55,37.003288,-84.160988,1,2,1,1,1,2,6,063-KY-0363  -,0
71950196,1,20161130,1358,0,0,1,2,2,55,37.022831,-83.953873,3,2,4,1,5,6,2,063-KY-0229  -,0
71747305,1,20160225,1523,0,1,2,2,2,55,37.115089,-84.060837,1,5,6,1,1,2,2,063-KY-0192  -,0
71828949,1,20160810,1832,0,0,1,2,2,55,37.05307,-84.17054,3,2,6,1,1,2,2,063-KY-0192  -,0
71913454,1,20161013,733,0,0,1,2,2,55,37.144348,-84.071999,1,2,1,1,5,3,1,063-HR-9006  -,0
71860396,1,20160925,1242,0,0,1,2,2,55,37.459759,-85.88253,8,4,6,1,1,2,2,062- I-0065  -,0
71856753,1,20160923,1403,0,1,1,2,2,55,36.842159,-83.783218,4,4,6,1,1,2,2,061-US-0025 E-,0
71814823,1,20160722,1437,0,0,0,2,2,45,36.931648,-83.839752,3,2,2,1,1,2,2,061-KY-0011  -,0
71734009,1,20160206,718,0,1,1,2,1,45,39.066231,-84.53067,9,4,4,1,1,2,1,059-US-0025  -,0
71871088,1,20161010,655,0,1,0,2,1,35,39.03294,-84.567734,9,5,4,1,1,2,6,059-US-0025  -,0
71754478,1,20160403,2303,0,0,1,1,1,55,38.85635,-84.536102,9,2,3,1,1,3,6,059-KY-0017  -,1
71833686,1,20160825,400,0,1,0,2,1,30,39.053761,-84.50322,9,4,4,1,1,2,5,059-KY-0016  -,0
71854042,1,20160920,1300,0,0,0,2,2,45,38.887569,-84.593674,1,2,3,1,1,2,2,059-KY-0016  -,1
71812422,1,20160724,1637,0,0,1,2,2,55,37.86805,-82.691963,3,1,3,1,1,2,2,058-KY-3390  -,1
71827709,1,20160723,1556,0,0,0,2,1,35,37.810089,-82.80352,9,3,6,1,1,2,2,058-KY-0321  -,0
71779348,1,20160521,824,0,0,0,1,1,55,37.88723,-84.65757,9,2,4,1,5,6,2,057-US-0068  -,1
71843421,1,20160820,1457,0,0,4,2,2,55,37.859581,-84.581398,3,2,6,1,1,2,2,057-US-0027 X-,1
71780349,1,20160526,1700,0,0,1,2,2,55,37.94949,-84.542412,3,4,6,1,5,6,2,057-US-0027  -,0
71871834,1,20161016,1944,0,1,1,2,2,55,37.91618,-84.55735,4,4,4,1,1,2,5,057-US-0027  -,0
71789977,1,20160620,2238,0,0,0,1,1,35,37.878151,-84.564484,9,2,1,1,1,3,5,057-KY-0039  -,1
71886229,1,20161104,623,0,0,0,2,1,35,38.24572,-85.753754,9,6,6,1,1,3,5,056-US-0150  -,0
71823995,1,20160807,350,0,1,0,2,2,45,38.22908,-85.714897,7,4,3,1,1,2,6,056-US-0060 A-,1
71855735,1,20160924,23,0,1,2,3,3,35,38.210739,-85.770599,7,4,3,1,1,2,5,056-US-0060 A-,0
71769278,1,20160505,419,0,0,0,1,1,35,38.254059,-85.670464,9,4,6,1,5,6,6,056-US-0060  -,1
71816211,1,20160725,1005,0,1,1,2,2,45,38.244652,-85.553963,1,4,4,1,1,2,2,056-US-0060  -,1
71870930,1,20161010,1823,0,1,3,4,4,45,38.3036,-85.627647,1,4,6,1,1,2,2,056-US-0042  -,0
71737318,1,20160205,1822,0,0,2,2,2,50,38.067322,-85.885201,3,4,6,1,1,2,3,056-US-0031 W-,1
71772255,1,20160508,2232,0,0,0,2,1,35,38.200329,-85.802528,9,2,6,2,1,2,5,056-US-0031 W-,0
71819408,1,20160724,2307,0,1,0,3,3,35,38.209862,-85.797897,5,4,6,1,1,2,6,056-US-0031 W-,0
71828365,1,20160817,1727,0,1,0,2,2,35,38.10931,-85.865623,4,4,6,1,1,2,2,056-US-0031 W-,0
71862630,1,20161003,2204,0,0,0,3,2,55,38.014469,-85.925148,8,4,6,1,1,2,6,056-US-0031 W-,0
71786199,1,20160609,17,0,0,0,2,1,35,38.254719,-85.739227,9,4,6,1,1,2,7,056-US-0031 E-,0
71783654,1,20160528,2210,0,1,0,2,2,35,38.091221,-85.655022,1,2,6,1,1,3,6,056-KY-2053  -,0
71901038,1,20161127,317,0,0,0,1,1,35,38.17625,-85.838348,9,2,6,1,1,2,5,056-KY-2051  -,1
71741002,1,20160229,1354,0,1,0,2,1,35,38.191559,-85.800858,9,4,6,1,1,2,2,056-KY-1931  -,0
71816189,1,20160730,1037,0,0,0,2,2,45,38.208431,-85.787849,1,4,6,1,1,2,2,056-KY-1931  -,0
71840370,1,20160825,1503,0,1,1,2,2,35,38.189209,-85.801231,7,5,6,1,1,2,2,056-KY-1931  -,0
71871006,1,20161017,1938,0,1,0,2,2,35,38.145142,-85.882919,1,4,3,1,1,2,6,056-KY-1931  -,0
71922646,1,20161219,2112,0,0,0,2,1,40,38.2076,-85.788597,9,5,6,2,1,2,5,056-KY-1931  -,0
71752704,1,20160325,251,0,0,0,1,1,35,38.179062,-85.783173,9,4,3,1,1,3,6,056-KY-1865  -,1
71828868,1,20160726,1536,0,0,1,2,2,35,38.163029,-85.779861,3,4,6,1,1,2,2,056-KY-1865  -,0
71763462,1,20160413,1747,0,1,0,2,2,35,38.208672,-85.75106,3,4,6,1,1,2,2,056-KY-1631  -,0
71822295,1,20160806,2159,0,0,0,1,1,35,38.124489,-85.898033,9,2,6,1,1,2,6,056-KY-1230  -,1
71792442,1,20160623,1927,0,0,0,2,1,25,38.176689,-85.76503,9,2,6,1,1,3,2,056-KY-1020  -,0
71886237,1,20161106,1230,0,1,0,2,1,40,38.189251,-85.766701,9,5,6,1,1,2,2,056-KY-1020  -,0
71755805,1,20160405,515,0,0,0,1,1,55,38.113838,-85.718468,9,3,6,1,1,2,2,056-KY-0841  -,1
71854761,1,20160922,2119,0,0,0,2,1,45,38.187149,-85.522629,9,4,6,1,1,2,6,056-KY-0155  -,0
71911559,1,20161207,948,0,0,1,2,2,55,38.19083,-85.487038,3,2,6,1,1,2,2,056-KY-0155  -,1
71791107,1,20160622,54,0,1,0,2,2,45,38.193062,-85.7286,1,4,6,1,1,2,5,056-KY-0061  -,0
71835011,1,20160824,2225,0,1,0,2,1,45,38.171299,-85.709229,9,5,6,1,1,2,6,056-KY-0061  -,0
71747464,1,20160315,1707,0,0,2,5,5,65,38.205872,-85.507088,5,4,6,1,1,2,2,056- I-0265  -,1
71779884,1,20160523,2031,0,0,0,2,2,55,38.194462,-85.709198,5,4,6,2,1,2,2,056- I-0264  -,0
71912953,1,20161201,2225,0,0,0,2,1,55,38.236778,-85.631638,9,4,4,2,1,2,5,056- I-0064  -,0
71859179,1,20160924,900,0,0,0,1,1,55,37.363338,-83.907959,9,2,6,1,1,2,2,055-US-0421  -,1
71936324,1,20161120,1911,0,0,0,1,1,55,37.478748,-84.048981,9,2,6,1,1,2,6,055-US-0421  -,1
71716493,1,20160105,1554,0,0,1,1,1,25,37.286591,-87.514191,9,1,6,3,3,2,2,054-KY-2171  -,1
71869051,1,20161012,630,0,0,3,2,2,55,37.353081,-87.606781,3,2,3,1,1,2,1,054-KY-1034  -,0
71777101,1,20160522,2004,0,0,0,1,1,55,37.486301,-87.38044,9,2,6,1,1,2,2,054-KY-0281  -,1
71730547,1,20160131,2200,0,0,0,1,1,55,37.357571,-87.462502,9,2,6,1,1,2,6,054-KY-0254  -,1
71855075,1,20160923,2207,0,0,0,1,1,55,37.272839,-87.606934,9,2,6,1,1,4,4,054-KY-0070  -,1
71785945,1,20160603,511,0,0,0,2,2,55,38.440449,-85.169159,3,2,4,1,1,4,6,052-US-0421  -,0
71793383,1,20160620,2134,0,0,0,1,1,55,38.478561,-85.266739,9,2,6,1,1,2,4,052-KY-1606  -,1
71778898,1,20160525,2058,0,0,1,1,1,55,38.399029,-85.076714,9,2,3,1,1,2,6,052-KY-0022  -,1
71746744,1,20160313,557,0,0,0,2,2,70,38.426392,-85.323128,5,4,4,1,5,4,6,052- I-0071  -,1
71731237,1,20160208,1416,0,0,0,2,2,35,37.86095,-87.564873,2,4,6,1,5,1,2,051-US-0060  -,0
71826499,1,20160812,2011,0,0,1,2,2,45,37.815392,-87.615913,5,4,6,2,1,2,5,051-US-0041 A-,0
71892205,1,20161115,1543,0,0,1,2,2,45,37.816959,-87.613411,1,4,6,1,1,2,2,051-US-0041 A-,0
71821289,1,20160805,800,0,1,0,2,2,55,37.689629,-87.52198,1,2,6,2,1,2,2,051-US-0041  -,0
71785051,1,20160608,1756,0,0,0,1,1,45,37.72588,-87.656799,9,2,3,1,1,2,2,051-KY-0266  -,1
71789645,1,20160617,1116,0,0,2,1,1,55,37.3517,-85.96608,9,2,3,1,1,2,4,050-KY-1140  -,1
71796794,1,20160704,1502,0,0,0,1,1,55,37.376751,-85.800308,9,2,4,1,5,3,2,050-KY-0936  -,1
71815028,1,20160726,807,0,0,0,1,1,55,37.351711,-85.711449,9,2,2,1,1,2,2,050-KY-0569  -,1
71750994,1,20160318,1332,0,1,0,3,3,35,37.180069,-85.91423,3,2,1,1,1,2,2,050-KY-0218  -,1
71908023,1,20161123,1152,0,0,1,2,2,35,38.37698,-84.291138,3,2,1,1,5,3,2,049-KY-0982  -,0
71736939,1,20160221,1053,0,1,0,2,2,45,36.825161,-83.32032,1,4,3,1,5,6,2,048-US-0421  -,1
71758028,1,20160317,1210,0,0,0,2,2,55,36.914791,-83.345123,3,2,3,1,1,2,2,048-US-0421  -,1
71833549,1,20160818,1730,0,0,3,2,2,55,36.81403,-83.281311,1,2,3,1,1,3,2,048-US-0421  -,0
71721345,1,20160108,705,0,0,3,2,2,55,36.985779,-82.958023,3,2,1,1,5,6,2,048-US-0119  -,0
71794162,1,20160513,1427,0,0,0,1,1,55,36.790691,-83.247726,9,2,2,1,1,2,2,048-KY-3001  -,1
71737781,1,20160223,600,0,0,0,1,1,55,36.923481,-83.254936,9,2,3,1,5,6,4,048-KY-0221  -,1
71829636,1,20160820,1436,0,1,2,2,2,55,37.67765,-85.888046,1,4,4,1,5,5,2,047-US-0062  -,0
71801101,1,20160711,2135,0,0,0,2,1,45,37.683331,-85.850372,9,5,6,1,1,2,6,047-US-0031 W-,0
71884543,1,20161005,2018,0,0,0,2,1,45,37.68042,-85.848709,9,4,6,1,1,2,5,047-US-0031 W-,0
71778670,1,20160524,1646,0,1,1,1,1,50,37.718109,-85.839622,9,4,1,1,1,2,2,047-KY-3005  -,1
71736054,1,20160211,610,0,1,0,2,1,55,37.816631,-85.960342,9,2,4,1,1,3,6,047-KY-0313  -,0
71817456,1,20160802,1748,0,1,0,2,2,45,37.598789,-85.876617,5,2,6,1,1,2,2,047-KY-0222  -,0
71762875,1,20160419,1713,0,0,1,1,1,55,37.919151,-86.801369,9,4,3,1,1,2,2,046-US-0060  -,1
71809117,1,20160601,1806,0,0,0,1,1,55,37.901741,-86.976997,9,2,3,1,1,2,2,046-KY-0334  -,1
71763922,1,20160422,1553,0,0,1,1,1,55,38.656361,-82.923988,9,2,3,1,1,2,2,045-KY-0007  -,1
71892879,1,20161107,1644,0,0,1,2,2,55,37.434422,-86.614807,5,2,5,1,1,2,3,043-US-0062  -,1
71912496,1,20161122,45,0,0,0,1,1,55,37.52924,-86.406868,9,2,1,1,1,2,6,043-KY-0631  -,1
71734938,1,20160214,1230,0,0,3,2,2,55,37.390202,-86.24427,1,2,4,1,4,9,2,043-KY-0259  -,0
71768209,1,20160426,807,0,0,0,1,1,55,37.422218,-86.278488,9,2,1,1,1,2,2,043-KY-0259  -,1
71732685,1,20160206,1430,0,0,0,1,1,55,37.448479,-86.228844,9,2,4,1,1,2,2,043-KY-0088  -,1
71838692,1,20160901,1309,0,0,0,2,1,55,36.829659,-88.589447,9,2,6,1,1,2,2,042-KY-0131  -,0
71823397,1,20160807,1655,0,0,0,1,1,55,36.55891,-88.724022,9,2,1,1,1,2,2,042-KY-0129  -,1
71845276,1,20160906,1300,0,0,0,1,1,55,38.513081,-84.57309,9,2,3,1,1,2,2,041-US-0025  -,1
71722501,1,20160119,1749,0,0,0,1,1,55,38.68449,-84.657593,9,2,3,1,1,2,3,041-KY-0467  -,1
71880238,1,20161020,1250,0,0,2,2,2,55,37.658981,-84.613533,1,2,6,1,1,3,2,040-US-0027  -,0
71787965,1,20160615,957,0,0,0,1,1,55,37.756149,-84.631943,9,2,1,1,1,3,2,040-KY-1845  -,1
71788172,1,20160201,2218,0,0,0,1,1,35,38.773788,-84.896889,9,2,3,1,1,2,6,039-KY-0035  -,1
71726411,1,20160127,858,0,1,1,2,2,45,38.168251,-84.899399,1,4,6,2,1,3,2,037-US-0127  -,0
71728829,1,20160110,1843,0,0,1,2,2,55,37.447102,-82.739014,3,2,3,1,1,2,6,036-KY-0122  -,0
71731180,1,20160207,1828,0,0,3,2,2,55,37.674999,-82.925072,1,2,1,1,1,2,6,036-KY-0114  -,0
71782934,1,20160526,1744,0,0,4,2,2,55,37.674782,-82.924767,7,2,6,1,1,2,2,036-KY-0114  -,0
71842490,1,20160823,1013,0,1,0,2,2,35,37.65984,-82.78344,1,5,1,1,1,2,2,036-KY-0114  -,1
71836923,1,20160806,433,0,1,1,1,1,35,38.32542,-83.703751,9,1,3,1,1,2,6,035-KY-2510  -,1
71801257,1,20160708,108,0,0,0,1,1,45,38.023621,-84.540451,9,4,4,1,1,2,5,034-US-0068  -,1
71787859,1,20160614,745,0,0,1,2,2,55,38.035679,-84.387138,1,2,6,1,1,2,2,034-US-0060  -,0
71800433,1,20160709,1124,0,1,3,2,2,45,38.049789,-84.523232,4,4,6,1,1,2,2,034-US-0060  -,0
71893171,1,20161117,2231,0,0,0,2,1,55,38.04121,-84.423798,9,4,4,1,1,2,5,034-US-0060  -,0
71727027,1,20160130,1846,0,0,0,2,1,45,38.067379,-84.473358,9,4,4,1,1,2,4,034-US-0027  -,0
71806768,1,20160719,1733,0,1,0,3,3,35,38.059818,-84.484299,1,4,6,1,1,2,2,034-US-0027  -,0
71860666,1,20161003,1127,0,1,1,2,2,35,38.06271,-84.480072,1,4,4,1,1,2,2,034-US-0027  -,0
71863356,1,20161004,48,0,0,0,2,1,45,38.069439,-84.468613,9,4,6,1,1,3,5,034-US-0027  -,0
71727025,1,20160128,1700,0,0,0,1,1,45,38.089062,-84.511658,9,4,4,1,1,2,2,034-US-0025  -,1
71758613,1,20160408,1441,0,1,1,2,2,55,37.97921,-84.425163,1,2,6,1,1,3,2,034-US-0025  -,1
71762114,1,20160419,1932,0,0,2,3,3,55,37.920212,-84.366348,3,2,6,1,1,2,2,034-US-0025  -,1
71882893,1,20161101,1141,0,0,1,2,2,55,37.934891,-84.395317,5,2,6,1,1,2,2,034-US-0025  -,1
71883103,1,20161103,705,0,0,0,2,1,55,37.997028,-84.441483,9,4,6,1,1,3,5,034-US-0025  -,0
71921672,1,20161229,703,0,0,1,1,1,35,38.02813,-84.447128,9,2,4,1,1,2,4,034-KY-1927  -,1
71754993,1,20160403,1835,0,0,1,1,1,35,37.936489,-84.346901,9,2,2,1,1,2,2,034-KY-0418  -,1
71796128,1,20160703,313,0,0,0,1,1,55,38.10321,-84.45816,9,2,6,1,1,3,6,034-KY-0353  -,1
71918996,1,20161225,1310,0,0,0,1,1,55,38.136841,-84.418556,9,2,2,1,5,5,2,034-KY-0353  -,1
71795136,1,20160702,228,0,0,0,1,1,55,38.068001,-84.44075,9,2,6,1,1,2,5,034-KY-0057  -,1
71720091,1,20160114,1,0,0,0,1,1,55,37.992409,-84.475121,9,4,3,1,1,3,6,034-KY-0004  -,1
71763982,1,20160422,410,0,0,0,2,1,45,38.050171,-84.455261,9,4,3,1,5,6,5,034-KY-0004  -,0
71921348,1,20161228,2019,0,0,0,2,1,45,38.03352,-84.453583,9,4,6,1,5,6,5,034-KY-0004  -,0
71752288,1,20160324,1309,0,0,0,1,1,55,38.060692,-83.032181,9,2,1,1,1,3,2,032-KY-0486  -,1
71856208,1,20160917,606,0,0,0,2,2,45,37.610561,-87.106613,7,2,6,1,5,6,1,030-US-0431  -,0
71871808,1,20160919,855,0,0,1,2,2,55,37.619099,-87.108139,3,2,1,1,1,2,2,030-US-0431  -,0
71891115,1,20161013,552,0,0,0,3,2,55,37.613789,-87.107101,8,2,5,1,5,6,6,030-US-0431  -,0
71919187,1,20161130,645,0,1,1,2,2,55,37.86451,-86.995407,1,2,6,1,1,3,1,030-KY-2830  -,0
71744021,1,20160130,657,0,0,0,1,1,45,37.75639,-87.236458,9,2,3,1,1,2,2,030-KY-0056  -,1
71909036,1,20161210,850,0,0,0,1,1,55,37.679722,-86.854958,9,2,3,1,1,2,2,030-KY-0054  -,1
71747580,1,20160228,557,0,0,2,3,3,70,37.759022,-87.248367,5,4,6,1,1,2,1,030-AU-9005  -,1
71791226,1,20160622,1834,0,0,0,1,1,55,37.30695,-83.878952,9,2,6,1,5,3,2,026-US-0421  -,1
71852068,1,20160917,455,0,0,2,1,1,55,37.12191,-83.775887,9,2,1,1,1,2,4,026-KY-0080  -,1
71763833,1,20160415,2142,0,0,1,2,2,55,38.017441,-84.246078,3,2,5,1,1,2,6,025-US-0060  -,0
71916318,1,20161204,1840,0,0,0,2,2,45,38.02438,-84.150398,7,2,3,1,5,6,6,025-US-0060  -,0
71737469,1,20160210,1250,0,1,1,2,2,55,38.018211,-84.227203,3,2,6,1,5,9,2,025-KY-2888  -,1
71781122,1,20160506,1205,0,0,0,1,1,55,38.05735,-84.178787,9,2,1,1,1,3,2,025-KY-0627  -,1
71757048,1,20160409,2155,0,0,0,1,1,35,36.85603,-87.487442,9,2,6,1,1,2,5,024-US-0041 A-,1
71753830,1,20160331,1900,0,0,0,1,1,55,37.016109,-87.488281,9,2,6,1,5,2,3,024-US-0041  -,1
71749052,1,20160315,12,0,0,2,2,2,45,36.649151,-87.415268,3,2,6,1,1,2,5,024-KY-0115  -,1
71781528,1,20160527,741,0,0,0,2,2,55,36.701408,-87.603867,5,2,4,1,1,2,2,024-KY-0107  -,1
71781529,1,20160527,2025,0,0,0,2,1,35,36.871979,-87.464363,9,2,6,1,1,3,6,024-KY-0107  -,0
71799479,1,20160708,423,0,0,0,1,1,45,36.827251,-87.503433,9,2,4,1,5,2,5,024-KY-0107  -,1
71783995,1,20160525,1956,0,0,4,3,3,55,37.289639,-84.997299,7,2,6,1,1,2,6,023-KY-0070  -,1
71880346,1,20161026,1750,0,0,0,1,1,55,38.171902,-82.936256,9,2,3,1,1,2,2,022-KY-1122  -,1
71853534,1,20160919,1644,0,0,0,2,2,45,38.310459,-83.103706,7,2,1,1,1,2,2,022-KY-0182  -,1
71760888,1,20160411,735,0,0,2,2,2,55,38.710789,-85.238426,3,2,4,1,5,6,1,021-KY-0036  -,1
71783899,1,20160604,937,0,0,0,1,1,70,38.613708,-85.163254,9,2,6,1,1,3,2,021- I-0071  -,1
71908158,1,20161203,1736,0,0,0,1,1,55,36.847729,-88.864899,9,2,5,1,1,2,6,020-KY-0307  -,1
71849965,1,20160918,105,0,0,0,1,1,35,39.072899,-84.460297,9,4,1,1,1,2,5,019-KY-1892  -,1
71763126,1,20160416,1419,0,1,1,2,2,35,39.008839,-84.36908,1,2,4,1,1,2,2,019-KY-0547  -,1
71724510,1,20160124,1746,0,0,0,1,1,45,39.072399,-84.491798,9,4,6,1,1,3,2,019-KY-0009  -,1
71807254,1,20160719,1225,0,0,0,2,2,35,39.098572,-84.492172,1,4,6,1,1,2,2,019-KY-0008  -,0
71771673,1,20160430,734,0,0,2,2,2,55,36.640579,-88.360619,3,2,6,1,5,6,2,018-KY-0783  -,0
71741628,1,20160220,23,0,0,0,1,1,55,36.568821,-88.12899,9,2,1,1,1,2,6,018-KY-0444  -,1
71748656,1,20160318,2020,0,0,0,1,1,55,36.593529,-88.30368,9,2,2,1,1,2,6,018-KY-0121  -,1
71885714,1,20161029,1040,0,0,0,1,1,35,36.62225,-88.32653,9,2,6,1,1,2,2,018-KY-0121  -,1
71818795,1,20160719,1611,0,0,0,2,1,45,37.217491,-88.05925,9,2,6,1,1,2,2,017-KY-0902  -,0
71735026,1,20160214,728,0,0,1,2,2,55,37.147591,-87.909973,3,2,6,1,1,2,2,017-KY-0139  -,0
71391196,1,20160918,1807,0,0,0,1,1,55,37.121109,-86.652649,9,2,6,1,1,2,2,016-US-0231  -,1
71761543,1,20160410,30,0,0,0,1,1,55,37.20536,-86.735924,9,2,1,1,1,3,6,016-KY-0070  -,1
71821679,1,20160809,617,0,0,0,1,1,55,37.18475,-86.874428,9,2,3,1,1,2,2,016-KY-0070  -,1
71854434,1,20160831,1156,0,0,0,1,1,35,38.026871,-85.718681,9,2,3,1,1,2,2,015-KY-2673  -,1
71892612,1,20161112,1344,0,1,0,2,2,55,38.039631,-85.682999,1,2,6,1,1,2,2,015-KY-1526  -,0
71802765,1,20160704,1839,0,0,0,2,2,45,38.069832,-85.694351,1,2,3,1,5,2,2,015-KY-1450  -,0
71770430,1,20160505,2205,0,0,0,1,1,55,37.966991,-85.588966,9,2,2,1,1,2,6,015-KY-0480  -,1
71797423,1,20160627,501,0,0,0,1,1,55,37.967152,-85.588402,9,2,4,1,1,2,6,015-KY-0480  -,1
71726759,1,20160121,721,0,0,0,3,3,55,38.032452,-85.595711,7,2,6,1,5,3,7,015-KY-0044  -,1
71772574,1,20160502,141,0,0,0,2,2,55,38.0131,-85.649887,3,2,6,1,1,2,6,015-KY-0044  -,0
71805716,1,20160621,2319,0,0,0,2,2,55,37.541969,-83.044823,6,1,6,1,1,3,4,013-KY-0542  -,0
71840694,1,20160904,1740,0,0,1,1,1,55,37.554031,-83.080528,9,2,1,1,1,2,2,013-KY-0542  -,1
71957279,1,20161103,1915,0,0,4,2,2,55,37.54108,-83.416946,3,2,3,1,5,3,6,013-KY-0030  -,0
71827187,1,20160702,1325,0,0,1,1,1,55,37.343811,-83.408768,9,2,2,1,1,2,2,013-KY-0028  -,1
71736331,1,20160201,1552,0,0,0,2,2,55,37.554249,-83.358192,3,2,1,1,5,3,2,013-KY-0015  -,1
71765551,1,20160422,1343,0,1,3,2,2,55,37.4869,-83.343681,3,3,4,1,5,6,2,013-KY-0015  -,0
71870261,1,20161007,1027,0,0,2,2,2,55,37.43819,-83.303078,1,2,6,1,1,2,2,013-KY-0015  -,0
71830648,1,20160606,1137,0,0,0,1,1,55,38.789108,-84.16777,9,2,6,1,1,2,2,012-KY-0008  -,0
71921815,1,20160714,2203,0,1,0,2,1,55,37.582958,-84.786469,9,4,6,1,1,2,6,011-US-0127  -,0
71734362,1,20160212,1820,0,1,1,2,2,55,38.40049,-82.711548,1,4,6,1,1,3,5,010-US-0060  -,1
71757952,1,20160403,738,0,0,0,1,1,35,38.3241,-82.718918,9,2,3,1,1,2,2,010-KY-0966  -,1
71777124,1,20160515,757,0,0,0,1,1,55,38.106079,-84.263702,9,2,6,1,1,2,2,009-KY-1678  -,1
71779008,1,20160516,1545,0,0,0,1,1,55,38.08326,-84.288498,9,2,6,1,1,3,2,009-KY-0057  -,1
71873891,1,20161017,1427,0,1,1,2,2,55,38.94101,-84.675941,4,5,6,1,1,2,2,008-US-0042  -,1
71745140,1,20160312,420,0,0,0,1,1,45,39.009972,-84.647202,9,4,6,1,1,2,5,008-KY-0842  -,1
71765207,1,20160416,1305,0,0,1,3,3,45,38.94669,-84.825844,3,2,1,1,1,2,2,008-KY-0338  -,0
71782486,1,20160526,232,0,0,0,1,1,45,38.984718,-84.687172,9,2,3,1,1,2,6,008-KY-0237  -,1
71886211,1,20161031,1253,0,0,1,1,1,55,39.126099,-84.716751,9,2,6,1,1,2,2,008-KY-0008  -,1
71867512,1,20161001,1635,0,0,2,1,1,70,38.931549,-84.630898,9,8,6,1,1,2,2,008- I-0075  -,1
71764842,1,20160418,1620,0,0,0,1,1,55,38.156219,-83.766289,9,2,3,1,1,2,2,006-KY-0036  -,1
71870335,1,20160920,901,0,0,0,2,2,55,37.022041,-86.050034,3,2,6,1,1,2,2,005-US-0068  -,1
71803495,1,20160628,1432,0,0,0,1,1,55,37.075569,-85.890427,9,2,4,1,1,2,2,005-US-0031 E-,1
71903776,1,20161203,1719,0,1,0,2,1,55,37.04092,-85.901581,9,2,6,1,1,2,6,005-US-0031 E-,0
71800832,1,20160627,1505,0,1,2,2,2,45,36.973759,-85.949211,1,2,1,1,5,3,2,005-KY-2207  -,0
71836192,1,20160828,1907,0,0,0,1,1,55,36.963612,-85.821091,9,2,6,1,5,6,3,005-KY-1307  -,1
71722778,1,20160104,1001,0,0,0,2,2,55,36.906761,-85.761269,3,2,6,1,1,2,2,005-KY-0090  -,0
71743027,1,20160303,1259,0,0,1,1,1,45,37.13586,-85.983147,9,2,6,1,1,3,2,005-KY-0070  -,1
71757700,1,20160331,756,0,0,0,1,1,55,37.079449,-88.940063,9,2,1,1,5,3,2,004-US-0060  -,1
71831450,1,20160810,1600,0,0,0,1,1,55,36.97541,-89.09713,9,2,6,1,1,2,2,004-US-0051  -,1
71757697,1,20160407,1105,0,0,2,2,2,55,37.04464,-88.981209,3,2,1,1,5,2,2,004-KY-0802  -,0
71896933,1,20161110,1441,0,0,7,1,1,35,36.99707,-88.889862,9,2,2,1,1,2,2,004-KY-0473  -,1
71730482,1,20160125,1916,0,0,0,2,1,55,37.005249,-88.842163,9,2,6,1,1,2,6,004-KY-0286  -,0
71813135,1,20160604,1305,0,0,0,1,1,55,37.965519,-84.910507,9,2,3,1,1,2,2,003-KY-0749  -,1
71723023,1,20160115,700,0,0,1,1,1,55,38.008362,-84.980713,9,2,1,1,5,2,3,003-KY-0044  -,1
71769516,1,20160505,1612,0,0,0,2,2,55,36.743778,-86.216873,1,4,6,1,1,2,2,002-US-0031 E-,0
71718775,1,20160108,1253,0,0,0,1,1,55,37.074169,-85.297173,9,2,6,1,1,3,2,001-KY-0055  -,1
71716163,1,20160106,1909,0,0,0,2,1,45,38.097469,-85.872818,9,5,6,1,1,2,5,001-KY-0055  -,0
71716228,1,20160106,1316,0,0,0,1,1,55,36.733849,-84.151009,9,2,3,1,1,2,2,001-KY-0055  -,1
71723923,1,20160113,1900,0,0,0,1,1,55,37.893261,-84.490761,9,2,3,1,1,2,6,001-KY-0055  -,1
71726071,1,20160127,2236,0,0,0,1,1,55,37.709202,-87.127708,9,4,6,1,1,2,6,001-KY-0055  -,1
71732864,1,20160210,2125,0,0,0,1,1,55,36.68853,-86.364609,9,2,4,1,5,3,6,001-KY-0055  -,1
71735324,1,20160215,930,0,0,3,1,1,55,37.190189,-83.149521,9,2,6,1,4,6,2,001-KY-0055  -,1
71737818,1,20160212,1400,0,1,2,2,2,55,37.77953,-85.936111,1,4,6,1,1,3,2,001-KY-0055  -,0
71738226,1,20160220,1825,0,0,1,2,2,55,37.297798,-84.950043,1,2,6,1,1,2,6,001-KY-0055  -,0
71755049,1,20160318,2007,0,0,0,1,1,55,36.689831,-83.969482,9,2,6,1,1,2,6,001-KY-0055  -,1
71755788,1,20160317,645,0,0,0,2,2,55,37.00227,-84.606873,1,4,4,1,1,2,5,001-KY-0055  -,0
71756203,1,20160207,2154,0,0,0,1,1,55,37.364189,-82.792381,9,2,3,1,5,2,6,001-KY-0055  -,1
71757629,1,20160315,1629,0,0,1,4,4,65,39.056679,-84.431358,8,3,4,2,1,2,2,001-KY-0055  -,1
71757721,1,20160406,1545,0,0,0,2,2,55,36.95137,-89.089371,7,3,1,1,5,3,2,001-KY-0055  -,1
71758458,1,20160406,1028,0,1,3,2,2,55,37.898979,-85.473343,1,4,6,1,1,3,2,001-KY-0055  -,0
71764801,1,20160413,1759,0,0,0,2,1,45,36.746639,-84.158897,9,2,1,1,1,3,2,001-KY-0055  -,0
71767231,1,20160423,1206,0,0,4,4,4,25,36.77306,-88.116074,3,2,4,1,1,2,2,001-KY-0055  -,0
71767650,1,20160430,2145,0,0,0,1,1,45,37.039162,-84.960289,9,2,3,1,5,6,4,001-KY-0055  -,1
71767679,1,20160416,1956,0,1,2,2,2,45,38.183498,-85.606583,4,4,4,1,1,2,6,001-KY-0055  -,0
71767904,1,20160502,1711,0,1,0,5,5,45,36.998409,-86.43998,7,4,6,1,1,2,2,001-KY-0055  -,0
71769823,1,20160507,1137,0,0,2,6,6,70,38.048012,-84.424309,5,6,6,1,1,2,2,001-KY-0055  -,0
71770574,1,20160428,2148,0,0,3,3,3,40,38.242489,-85.75264,5,3,3,1,1,2,5,001-KY-0055  -,1
71771722,1,20160511,1552,0,1,1,2,2,45,38.212269,-85.587318,1,4,6,1,1,2,2,001-KY-0055  -,0
71775742,1,20160513,704,0,0,5,3,3,45,36.910751,-86.441818,5,2,3,1,1,2,2,001-KY-0055  -,0
71779611,1,20160530,456,0,0,1,2,1,70,38.037022,-84.29007,9,6,6,1,1,2,4,001-KY-0055  -,0
71779683,1,20160517,950,0,0,1,2,2,35,37.97868,-85.693298,1,5,6,1,1,3,2,001-KY-0055  -,1
71779753,1,20160529,2034,0,0,0,1,1,55,38.933769,-84.394653,9,2,6,1,1,3,2,001-KY-0055  -,1
71784935,1,20160429,2038,0,0,0,1,1,55,37.709019,-85.244629,9,2,6,1,1,3,6,001-KY-0055  -,1
71786472,1,20160602,1938,0,0,2,3,3,55,37.364288,-83.234673,7,2,3,1,1,3,2,001-KY-0055  -,1
71786736,1,20160611,2229,0,0,1,3,3,70,37.947681,-84.384438,8,6,6,1,1,2,6,001-KY-0055  -,1
71788648,1,20160616,1809,0,1,0,2,2,45,38.157791,-85.7257,1,6,6,2,1,2,2,001-KY-0055  -,0
71792377,1,20160516,1526,0,0,1,1,1,70,38.020672,-85.696419,9,3,6,2,1,3,2,001-KY-0055  -,1
71793849,1,20160625,1559,0,0,0,1,1,55,37.912788,-87.547821,9,2,1,1,1,2,2,001-KY-0055  -,1
71798333,1,20160525,1027,0,0,1,2,2,55,37.712151,-87.075378,3,2,6,1,1,2,2,001-KY-0055  -,1
71798852,1,20160623,2005,0,0,2,2,2,55,37.536968,-82.601578,1,5,6,1,5,6,3,001-KY-0055  -,0
71799010,1,20160702,1429,0,0,0,1,1,65,39.057072,-84.634071,9,6,6,2,1,3,2,001-KY-0055  -,1
71801439,1,20160618,1320,0,0,2,1,1,55,37.726311,-84.37751,9,2,4,1,1,2,2,001-KY-0055  -,1
71803576,1,20160713,334,0,0,0,2,1,45,38.913841,-84.54435,9,5,6,1,1,2,6,001-KY-0055  -,0
71807919,1,20160716,1135,0,0,3,2,2,55,38.126259,-85.774017,3,2,6,1,1,2,2,001-KY-0055  -,0
71807971,1,20160717,325,0,0,0,2,1,35,38.246529,-85.764412,9,6,6,1,1,2,5,001-KY-0055  -,0
71811351,1,20160717,1859,0,0,0,1,1,55,37.728909,-82.762558,9,2,6,1,1,2,2,001-KY-0055  -,1
71823194,1,20160808,1805,0,0,3,3,3,45,38.258598,-85.761528,5,6,4,1,1,2,2,001-KY-0055  -,1
71823465,1,20160808,1335,0,0,1,2,2,55,37.59153,-85.869537,8,2,6,1,1,2,2,001-KY-0055  -,1
71828155,1,20160806,2102,0,0,1,2,2,70,37.248959,-87.449379,5,4,3,1,1,2,5,001-KY-0055  -,0
71830409,1,20160820,1300,0,0,3,2,2,45,38.321739,-85.615471,3,2,5,2,1,3,2,001-KY-0055  -,0
71831001,1,20160816,2306,0,0,0,2,2,70,37.6633,-84.309914,5,3,6,1,1,2,6,001-KY-0055  -,0
71832418,1,20160824,1330,0,0,0,1,1,55,37.8027,-87.657288,9,2,6,2,1,3,2,001-KY-0055  -,1
71834971,1,20160811,1416,0,0,0,2,2,25,38.143768,-85.774811,1,5,6,1,1,2,2,001-KY-0055  -,0
71844753,1,20160827,1347,0,0,1,3,3,55,37.698212,-83.124199,3,2,6,1,1,2,2,001-KY-0055  -,1
71844840,1,20160909,1436,0,0,0,2,2,45,37.800461,-87.03833,7,4,6,1,1,2,2,001-KY-0055  -,0
71845817,1,20160912,2341,0,0,0,2,1,45,39.009331,-84.624969,9,4,6,1,1,2,4,001-KY-0055  -,0
71849503,1,20160903,1406,0,0,3,3,3,35,37.618679,-82.268898,5,4,3,1,1,2,2,001-KY-0055  -,1
71856789,1,20160927,2039,0,0,1,1,1,55,37.320419,-83.528488,9,1,6,1,1,2,6,001-KY-0055  -,1
71857796,1,20160929,254,0,0,0,1,1,55,38.075298,-84.501556,9,2,6,1,5,2,5,001-KY-0055  -,1
71864770,1,20161002,2207,0,0,1,1,1,65,38.227619,-85.505058,9,4,6,1,5,3,5,001-KY-0055  -,1
71865770,1,20161002,1400,0,0,2,1,1,55,37.716541,-82.978798,9,3,4,1,1,2,2,001-KY-0055  -,1
71876110,1,20161015,1144,0,0,1,1,1,70,36.681671,-86.542519,9,6,4,1,1,2,2,001-KY-0055  -,1
71876564,1,20161021,1636,0,0,1,2,2,55,36.94347,-84.051582,3,2,6,1,1,3,2,001-KY-0055  -,0
71877272,1,20161024,1643,0,1,0,2,2,45,38.170921,-85.867271,4,2,4,1,1,2,2,001-KY-0055  -,0
71878680,1,20161009,1507,0,0,1,1,1,55,38.217731,-85.658508,9,8,6,2,1,2,2,001-KY-0055  -,1
71878681,1,20161017,1320,0,1,5,5,5,35,38.19532,-85.842499,1,4,6,1,1,2,2,001-KY-0055  -,1
71881791,1,20161026,1323,0,0,0,1,1,55,37.13517,-86.422836,9,2,1,1,1,2,2,001-KY-0055  -,1
71886557,1,20160910,1947,0,1,2,2,2,55,37.035831,-85.108047,1,2,6,1,5,2,6,001-KY-0055  -,0
71886982,1,20161022,521,0,1,1,4,2,45,38.12986,-85.737099,1,3,4,1,1,2,4,001-KY-0055  -,1
71888531,1,20161109,1620,0,0,0,2,2,55,38.190022,-85.758759,5,8,4,2,1,2,2,001-KY-0055  -,0
71894843,1,20161120,705,0,0,0,1,1,35,38.262428,-85.751907,9,4,6,1,1,2,1,001-KY-0055  -,1
71899760,1,20161114,1117,0,0,0,2,2,70,38.86731,-84.641907,5,4,6,1,1,2,2,001-KY-0055  -,0
71902672,1,20161128,545,0,0,5,11,9,70,37.987911,-85.702164,5,7,6,2,1,3,7,001-KY-0055  -,1
71904574,1,20161130,55,0,1,0,2,1,45,38.157398,-85.8339,9,3,6,1,5,6,5,001-KY-0055  -,0
71912443,1,20161005,1038,0,1,0,2,2,55,36.702839,-85.153908,1,2,6,1,1,2,2,001-KY-0055  -,1
71912795,1,20161214,815,0,0,2,2,2,45,37.845009,-85.459793,1,4,6,1,1,2,2,001-KY-0055  -,0
71912880,1,20161204,1700,0,0,1,1,1,55,37.163342,-83.575974,9,2,4,1,5,6,2,001-KY-0055  -,1
71915891,1,20161116,2228,0,0,0,1,1,55,38.25824,-84.565376,9,2,3,1,1,2,6,001-KY-0055  -,1
71921007,1,20161220,1521,0,0,3,2,2,70,37.097462,-84.692001,5,4,6,2,1,2,2,001-KY-0055  -,1
71921915,1,20161110,1515,0,0,4,1,1,55,37.62851,-82.264458,9,4,3,1,1,2,2,001-KY-0055  -,1
71922530,1,20161229,1706,0,0,2,2,2,45,38.221439,-84.235603,1,4,6,1,1,2,2,001-KY-0055  -,1
71924681,1,20161211,905,0,0,0,1,1,55,38.651871,-83.107903,9,2,6,1,5,6,6,001-KY-0055  -,1
71939903,1,20161108,1647,0,0,1,2,2,55,37.35252,-84.381416,4,2,4,1,5,3,2,001-KY-0055  -,0
